<?xml  version='1.0' encoding='windows-1252' ?>
<UMLProfile profiletype="uml2">
	<Documentation id="9AE41AA0-0" name="TURBOBANK-CRC-Kurzawski" version="1.0" notes="Profil"/>
	<Content>
		<Stereotypes>
			<Stereotype name="Struktura" notes="" cx="0" cy="0" bgcolor="-1" fontcolor="-1" bordercolor="-1" borderwidth="-1" hideicon="0">
				<AppliesTo>
					<Apply type="ToolboxPage"/>
				</AppliesTo>
				<TaggedValues>
					<Tag name="TURBOBANK-CRC-Kurzawski::CRC(UML::Class)" type="" description="" unit="" values="" default="Karta CRC"/>
					<Tag name="TURBOBANK-CRC-Kurzawski::Odpowiedzialnosc(UML::Operation)" type="" description="" unit="" values="" default="Odpowiedzialnosc karty"/>
				</TaggedValues>
			</Stereotype>
			<Stereotype name="Zachowanie" notes="" cx="0" cy="0" bgcolor="-1" fontcolor="-1" bordercolor="-1" borderwidth="-1" hideicon="0">
				<AppliesTo>
					<Apply type="ToolboxPage"/>
				</AppliesTo>
				<TaggedValues>
					<Tag name="TURBOBANK-CRC-Kurzawski::Komunikat(UML::Operation)" type="" description="" unit="" values="" default="Komunikat"/>
				</TaggedValues>
			</Stereotype>
		</Stereotypes>
		<TaggedValueTypes/>
		<ViewDefinitions/>
		<Metamodel/>
	</Content>
</UMLProfile>