<?xml  version='1.0' encoding='windows-1252' ?>
<UMLProfile profiletype="uml2">
	<Documentation id="A3C71FFC-B" name="TURBOBANK-CRC-Kurzawski" version="1.0" notes="Diagram"/>
	<Content>
		<Stereotypes>
			<Stereotype name="Sesja CRC" notes="" cx="0" cy="0" bgcolor="-1" fontcolor="-1" bordercolor="-1" borderwidth="-1" hideicon="0">
				<AppliesTo>
					<Apply type="Diagram_Sequence"/>
				</AppliesTo>
			</Stereotype>
			<Stereotype name="Struktura dziedziny" notes="" cx="0" cy="0" bgcolor="-1" fontcolor="-1" bordercolor="-1" borderwidth="-1" hideicon="0">
				<AppliesTo>
					<Apply type="Diagram_Logical"/>
				</AppliesTo>
			</Stereotype>
		</Stereotypes>
		<TaggedValueTypes/>
		<ViewDefinitions/>
		<Metamodel/>
	</Content>
</UMLProfile>