<?xml  version='1.0' encoding='windows-1252' ?>
<MDG.Technology version="1.0"><Documentation id="ID-DL-TURBO" name="Jezyk dziedzinowy TURBOBANK-CRC" version="1" notes="Jezyk dziedzinowy TURBOBANK-CRC"/><UMLProfiles><UMLProfile profiletype="uml2">
	<Documentation id="5E8DD62C-2" name="TURBOBANK-CRC-Kurzawski" version="1.0" notes="Profil"/>
	<Content>
		<Stereotypes>
			<Stereotype name="CRC" notes="" cx="0" cy="0" bgcolor="-1" fontcolor="-1" bordercolor="-1" borderwidth="-1" hideicon="0">
				<AppliesTo>
					<Apply type="Class">
						<Property name="isActive" value=""/>
					</Apply>
				</AppliesTo>
			</Stereotype>
			<Stereotype name="Komunikat" notes="" cx="0" cy="0" bgcolor="-1" fontcolor="-1" bordercolor="-1" borderwidth="-1" hideicon="0">
				<AppliesTo>
					<Apply type="Operation">
						<Property name="isOrdered" value=""/>
						<Property name="isQuery" value="false"/>
						<Property name="isUnique" value=""/>
						<Property name="lower" value=""/>
						<Property name="upper" value=""/>
					</Apply>
				</AppliesTo>
			</Stereotype>
			<Stereotype name="Odpowiedzialnosc" notes="" cx="0" cy="0" bgcolor="-1" fontcolor="-1" bordercolor="-1" borderwidth="-1" hideicon="0">
				<AppliesTo>
					<Apply type="Operation">
						<Property name="isOrdered" value=""/>
						<Property name="isQuery" value="false"/>
						<Property name="isUnique" value=""/>
						<Property name="lower" value=""/>
						<Property name="upper" value=""/>
					</Apply>
				</AppliesTo>
			</Stereotype>
		</Stereotypes>
		<TaggedValueTypes/>
		<ViewDefinitions/>
		<Metamodel/>
	</Content>
</UMLProfile></UMLProfiles><DiagramProfile><UMLProfile profiletype="uml2">
	<Documentation id="A3C71FFC-B" name="TURBOBANK-CRC-Kurzawski" version="1.0" notes="Diagram"/>
	<Content>
		<Stereotypes>
			<Stereotype name="Sesja CRC" notes="" cx="0" cy="0" bgcolor="-1" fontcolor="-1" bordercolor="-1" borderwidth="-1" hideicon="0">
				<AppliesTo>
					<Apply type="Diagram_Sequence"/>
				</AppliesTo>
			</Stereotype>
			<Stereotype name="Struktura dziedziny" notes="" cx="0" cy="0" bgcolor="-1" fontcolor="-1" bordercolor="-1" borderwidth="-1" hideicon="0">
				<AppliesTo>
					<Apply type="Diagram_Logical"/>
				</AppliesTo>
			</Stereotype>
		</Stereotypes>
		<TaggedValueTypes/>
		<ViewDefinitions/>
		<Metamodel/>
	</Content>
</UMLProfile></DiagramProfile><UIToolboxes><UMLProfile profiletype="uml2">
	<Documentation id="9AE41AA0-0" name="TURBOBANK-CRC-Kurzawski" version="1.0" notes="Profil"/>
	<Content>
		<Stereotypes>
			<Stereotype name="Struktura" notes="" cx="0" cy="0" bgcolor="-1" fontcolor="-1" bordercolor="-1" borderwidth="-1" hideicon="0">
				<AppliesTo>
					<Apply type="ToolboxPage"/>
				</AppliesTo>
				<TaggedValues>
					<Tag name="TURBOBANK-CRC-Kurzawski::CRC(UML::Class)" type="" description="" unit="" values="" default="Karta CRC"/>
					<Tag name="TURBOBANK-CRC-Kurzawski::Odpowiedzialnosc(UML::Operation)" type="" description="" unit="" values="" default="Odpowiedzialnosc karty"/>
				</TaggedValues>
			</Stereotype>
			<Stereotype name="Zachowanie" notes="" cx="0" cy="0" bgcolor="-1" fontcolor="-1" bordercolor="-1" borderwidth="-1" hideicon="0">
				<AppliesTo>
					<Apply type="ToolboxPage"/>
				</AppliesTo>
				<TaggedValues>
					<Tag name="TURBOBANK-CRC-Kurzawski::Komunikat(UML::Operation)" type="" description="" unit="" values="" default="Komunikat"/>
				</TaggedValues>
			</Stereotype>
		</Stereotypes>
		<TaggedValueTypes/>
		<ViewDefinitions/>
		<Metamodel/>
	</Content>
</UMLProfile></UIToolboxes></MDG.Technology>